word,orientation
"('trump', 3584)",1
"('good', 2634)",0
"('white', 2213)",1
"('shit', 2267)",0
"('biden', 2072)",1
"('time', 2227)",0
"('left', 2050)",1
"('trump', 2015)",0
"('government', 2038)",1
"('fuck', 1838)",0
"('good', 1920)",1
"('fucking', 1810)",0
"('time', 1906)",1
"('yeah', 1793)",0
"('black', 1851)",1
"('work', 1775)",0
"('shit', 1614)",1
"('left', 1757)",0
"('thing', 1470)",1
"('thing', 1748)",0
"('media', 1372)",1
"('bad', 1607)",0
"('years', 1348)",1
"('point', 1479)",0
"('man', 1317)",1
"('money', 1415)",0
"('state', 1293)",1
"('lot', 1408)",0
"('bad', 1261)",1
"('capitalism', 1377)",0
"('fucking', 1239)",1
"('literally', 1332)",0
"('money', 1221)",1
"('things', 1323)",0
"('lol', 1208)",1
"('years', 1289)",0
"('fuck', 1181)",1
"('pretty', 1264)",0
"('racist', 1179)",1
"('white', 1252)",0
"('police', 1118)",1
"('real', 1236)",0
"('country', 1087)",1
"('person', 1166)",0
"('work', 1081)",1
"('state', 1138)",0
"('democrats', 1073)",1
"('man', 1136)",0
"('point', 1057)",1
"('police', 1135)",0
"('free', 1055)",1
"('black', 1125)",0
"('capitalism', 1050)",1
"('government', 1117)",0
"('vote', 1038)",1
"('biden', 1108)",0
"('real', 1005)",1
"('guy', 1065)",0
"('guy', 992)",1
"('country', 1029)",0
"('yeah', 991)",1
"('class', 1025)",0
"('election', 991)",1
"('america', 985)",0
"('blm', 969)",1
"('life', 984)",0
"('literally', 959)",1
"('lol', 978)",0
"('hate', 954)",1
"('day', 976)",0
"('president', 940)",1
"('american', 970)",0
"('things', 937)",1
"('love', 970)",0
"('america', 868)",1
"('anti', 928)",0
"('love', 866)",1
"('system', 912)",0
"('lot', 861)",1
"('hate', 911)",0
"('person', 843)",1
"('party', 907)",0
"('pretty', 826)",1
"('wrong', 894)",0
"('party', 825)",1
"('thought', 890)",0
"('life', 815)",1
"('live', 886)",0
"('day', 802)",1
"('socialism', 885)",0
"('wrong', 789)",1
"('pay', 838)",0
"('news', 774)",1
"('war', 836)",0
"('year', 771)",1
"('political', 836)",0
"('care', 757)",1
"('socialist', 834)",0
"('reddit', 752)",1
"('working', 830)",0
"('true', 747)",1
"('feel', 826)",0
"('matter', 742)",1
"('power', 824)",0
"('fact', 738)",1
"('care', 818)",0
"('power', 722)",1
"('free', 817)",0
"('doesnt', 722)",1
"('wing', 808)",0
"('political', 721)",1
"('long', 793)",0
"('pay', 704)",1
"('support', 793)",0
"('long', 695)",1
"('read', 793)",0
"('didnt', 694)",1
"('great', 788)",0
"('thought', 688)",1
"('job', 778)",0
"('big', 678)",1
"('making', 778)",0
"('american', 671)",1
"('vote', 772)",0
"('socialism', 670)",1
"('change', 766)",0
"('post', 669)",1
"('cops', 756)",0
"('live', 664)",1
"('call', 752)",0
"('great', 644)",1
"('post', 748)",0
"('joe', 637)",1
"('true', 744)",0
"('politics', 637)",1
"('understand', 740)",0
"('isnt', 636)",1
"('rich', 731)",0
"('problem', 634)",1
"('reason', 729)",0
"('call', 633)",1
"('talking', 728)",0
"('agree', 622)",1
"('fact', 722)",0
"('find', 619)",1
"('hard', 714)",0
"('reason', 618)",1
"('big', 713)",0
"('support', 614)",1
"('year', 713)",0
"('liberal', 605)",1
"('find', 709)",0
"('covid', 602)",1
"('problem', 705)",0
"('social', 601)",1
"('poor', 692)",0
"('stupid', 588)",1
"('communism', 691)",0
"('democrat', 588)",1
"('conservative', 683)",0
"('understand', 586)",1
"('leftist', 675)",0
"('china', 586)",1
"('fascist', 673)",0
"('job', 583)",1
"('kind', 665)",0
"('conservative', 582)",1
"('idea', 664)",0
"('remember', 580)",1
"('conservatives', 660)",0
"('hard', 577)",1
"('racist', 650)",0
"('called', 573)",1
"('history', 647)",0
"('wait', 573)",1
"('workers', 637)",0
"('making', 571)",1
"('social', 634)",0
"('anti', 569)",1
"('video', 633)",0
"('hope', 565)",1
"('guess', 631)",0
"('system', 563)",1
"('liberal', 631)",0
"('feel', 556)",1
"('capitalist', 630)",0
"('read', 556)",1
"('edit', 627)",0
"('lives', 551)",1
"('society', 625)",0
"('property', 550)",1
"('stuff', 623)",0
"('antifa', 547)",1
"('liberals', 614)",0
"('taxes', 541)",1
"('remember', 609)",0
"('communism', 539)",1
"('actual', 607)",0
"('business', 529)",1
"('place', 602)",0
"('funny', 527)",1
"('nazis', 601)",0
"('history', 526)",1
"('women', 599)",0
"('video', 522)",1
"('rights', 599)",0
"('start', 519)",1
"('comment', 594)",0
"('kids', 507)",1
"('human', 592)",0
"('imagine', 506)",1
"('doesnt', 592)",0
"('twitter', 502)",1
"('fascism', 579)",0
"('tax', 500)",1
"('called', 578)",0
"('talking', 498)",1
"('agree', 577)",0
"('violence', 497)",1
"('gonna', 577)",0
"('based', 497)",1
"('nazi', 568)",0
"('leftist', 490)",1
"('republicans', 565)",0
"('guess', 485)",1
"('word', 562)",0
"('women', 484)",1
"('isnt', 560)",0
"('communist', 481)",1
"('god', 557)",0
"('place', 480)",1
"('matter', 555)",0
"('liberals', 480)",1
"('start', 555)",0
"('war', 478)",1
"('dude', 554)",0
"('side', 478)",1
"('basically', 547)",0
"('evidence', 477)",1
"('communist', 546)",0
"('leftists', 475)",1
"('trans', 541)",0
"('states', 468)",1
"('gun', 526)",0
"('race', 468)",1
"('kids', 524)",0
"('banned', 467)",1
"('school', 524)",0
"('guys', 467)",1
"('hope', 522)",0
"('family', 465)",1
"('didnt', 521)",0
"('house', 463)",1
"('imagine', 519)",0
"('republicans', 460)",1
"('fascists', 517)",0
"('idea', 460)",1
"('lives', 514)",0
"('gonna', 459)",1
"('healthcare', 513)",0
"('kind', 454)",1
"('absolutely', 510)",0
"('voting', 453)",1
"('death', 502)",0
"('obama', 452)",1
"('stupid', 500)",0
"('gun', 452)",1
"('side', 500)",0
"('market', 452)",1
"('based', 499)",0
"('win', 451)",1
"('democrats', 498)",0
"('hell', 449)",1
"('joke', 497)",0
"('full', 448)",1
"('politics', 496)",0
"('change', 448)",1
"('guys', 493)",0
"('control', 447)",1
"('military', 493)",0
"('death', 447)",1
"('honestly', 488)",0
"('happen', 445)",1
"('hell', 487)",0
"('socialist', 445)",1
"('public', 487)",0
"('racism', 445)",1
"('propaganda', 486)",0
"('god', 443)",1
"('worse', 483)",0
"('fraud', 443)",1
"('lmao', 480)",0
"('rights', 442)",1
"('ago', 478)",0
"('public', 431)",1
"('family', 474)",0
"('americans', 429)",1
"('wait', 473)",0
"('times', 425)",1
"('kill', 472)",0
"('bullshit', 424)",1
"('times', 471)",0
"('private', 423)",1
"('ben', 467)",0
"('happened', 423)",1
"('countries', 465)",0
"('conservatives', 420)",1
"('heard', 464)",0
"('ago', 419)",1
"('thinking', 464)",0
"('stuff', 418)",1
"('die', 456)",0
"('comment', 414)",1
"('full', 455)",0
"('law', 412)",1
"('americans', 454)",0
"('dude', 411)",1
"('funny', 452)",0
"('question', 410)",1
"('face', 450)",0
"('watch', 410)",1
"('house', 449)",0
"('woman', 409)",1
"('news', 447)",0
"('absolutely', 406)",1
"('bernie', 447)",0
"('libertarian', 406)",1
"('president', 441)",0
"('sense', 404)",1
"('bit', 441)",0
"('killed', 402)",1
"('entire', 441)",0
"('calling', 402)",1
"('leftists', 441)",0
"('society', 401)",1
"('ive', 440)",0
"('lmao', 401)",1
"('states', 439)",0
"('dems', 400)",1
"('sense', 435)",0
"('heard', 396)",1
"('bullshit', 435)",0
"('republican', 396)",1
"('argument', 435)",0
"('told', 389)",1
"('damn', 435)",0
"('crime', 386)",1
"('food', 431)",0
"('children', 383)",1
"('meme', 424)",0
"('high', 382)",1
"('media', 422)",0
"('case', 381)",1
"('living', 418)",0
"('ive', 380)",1
"('fight', 414)",0
"('completely', 379)",1
"('group', 412)",0
"('votes', 378)",1
"('sounds', 410)",0
"('thinking', 376)",1
"('high', 409)",0
"('actual', 375)",1
"('gay', 409)",0
"('basically', 372)",1
"('racism', 407)",0
"('guns', 370)",1
"('completely', 403)",0
"('mind', 370)",1
"('started', 403)",0
"('evil', 369)",1
"('fun', 402)",0
"('cops', 368)",1
"('anarchist', 401)",0
"('voted', 368)",1
"('cool', 400)",0
"('hear', 366)",1
"('violence', 400)",0
"('cnn', 366)",1
"('antifa', 400)",0
"('truth', 365)",1
"('mind', 399)",0
"('single', 364)",1
"('china', 393)",0
"('men', 364)",1
"('market', 390)",0
"('worse', 361)",1
"('republican', 390)",0
"('freedom', 358)",1
"('happen', 388)",0
"('group', 357)",1
"('paid', 384)",0
"('lost', 356)",1
"('property', 383)",0
"('today', 355)",1
"('reddit', 382)",0
"('poor', 352)",1
"('half', 382)",0
"('coming', 349)",1
"('talk', 381)",0
"('edit', 349)",1
"('revolution', 380)",0
"('days', 349)",1
"('case', 379)",0
"('entire', 346)",1
"('middle', 374)",0
"('face', 344)",1
"('children', 374)",0
"('virus', 344)",1
"('men', 372)",0
"('fake', 342)",1
"('wealth', 372)",0
"('businesses', 342)",1
"('labor', 370)",0
"('argument', 341)",1
"('happened', 370)",0
"('economy', 341)",1
"('killed', 368)",0
"('working', 341)",1
"('voting', 366)",0
"('honestly', 341)",1
"('law', 366)",0
"('sounds', 340)",1
"('nice', 365)",0
"('damn', 340)",1
"('kinda', 364)",0
"('office', 339)",1
"('cop', 363)",0
"('speech', 337)",1
"('democracy', 362)",0
"('human', 336)",1
"('control', 361)",0
"('allowed', 334)",1
"('democratic', 360)",0
"('school', 333)",1
"('fucked', 359)",0
"('dead', 333)",1
"('fair', 356)",0
"('riots', 331)",1
"('buy', 352)",0
"('sad', 331)",1
"('covid', 352)",0
"('kill', 329)",1
"('watch', 352)",0
"('talk', 329)",1
"('wanted', 351)",0
"('shot', 328)",1
"('works', 349)",0
"('head', 328)",1
"('term', 348)",0
"('word', 325)",1
"('business', 348)",0
"('force', 324)",1
"('difference', 347)",0
"('fair', 323)",1
"('told', 345)",0
"('countries', 323)",1
"('wage', 345)",0
"('mask', 323)",1
"('lost', 345)",0
"('meme', 321)",1
"('calling', 344)",0
"('half', 319)",1
"('tax', 343)",0
"('wing', 319)",1
"('small', 343)",0
"('federal', 318)",1
"('woman', 343)",0
"('joke', 316)",1
"('taxes', 341)",0
"('politicians', 315)",1
"('exist', 341)",0
"('ass', 314)",1
"('company', 341)",0
"('peaceful', 314)",1
"('ass', 340)",0
"('buy', 313)",1
"('head', 340)",0
"('forget', 313)",1
"('top', 338)",0
"('small', 312)",1
"('dead', 338)",0
"('open', 310)",1
"('hear', 338)",0
"('months', 309)",1
"('jobs', 336)",0
"('capitalist', 308)",1
"('twitter', 336)",0
"('bill', 308)",1
"('ideology', 336)",0
"('realize', 303)",1
"('single', 335)",0
"('laws', 301)",1
"('question', 334)",0
"('rich', 300)",1
"('hey', 334)",0
"('fine', 299)",1
"('economy', 333)",0
"('started', 298)",1
"('community', 332)",0
"('stand', 298)",1
"('freedom', 331)",0
"('issue', 296)",1
"('sex', 330)",0
"('story', 294)",1
"('today', 328)",0
"('facts', 292)",1
"('evil', 320)",0
"('majority', 292)",1
"('election', 320)",0
"('crazy', 292)",1
"('rest', 316)",0
"('red', 291)",1
"('friends', 316)",0
"('move', 290)",1
"('realize', 313)",0
"('paid', 288)",1
"('level', 312)",0
"('dumb', 288)",1
"('health', 312)",0
"('leave', 288)",1
"('pro', 312)",0
"('living', 287)",1
"('private', 312)",0
"('child', 286)",1
"('guns', 312)",0
"('company', 286)",1
"('college', 311)",0
"('illegal', 285)",1
"('issue', 310)",0
"('wow', 285)",1
"('wife', 310)",0
"('court', 285)",1
"('weird', 308)",0
"('nice', 284)",1
"('companies', 308)",0
"('shut', 283)",1
"('paying', 307)",0
"('article', 281)",1
"('days', 307)",0
"('check', 278)",1
"('leave', 307)",0
"('wanted', 276)",1
"('red', 306)",0
"('middle', 274)",1
"('forget', 306)",0
"('murder', 273)",1
"('totally', 306)",0
"('bit', 273)",1
"('obama', 305)",0
"('reality', 271)",1
"('dumb', 304)",0
"('claim', 271)",1
"('education', 303)",0
"('jobs', 269)",1
"('general', 303)",0
"('opinion', 268)",1
"('majority', 303)",0
"('fascist', 267)",1
"('movement', 301)",0
"('rest', 267)",1
"('book', 300)",0
"('ill', 266)",1
"('bunch', 299)",0
"('food', 264)",1
"('anarchists', 299)",0
"('cities', 264)",1
"('supposed', 298)",0
"('bunch', 264)",1
"('usa', 297)",0
"('supporters', 264)",1
"('win', 296)",0
"('top', 262)",1
"('order', 293)",0
"('stay', 259)",1
"('comments', 293)",0
"('city', 258)",1
"('shot', 293)",0
"('fight', 258)",1
"('game', 292)",0
"('close', 257)",1
"('coming', 292)",0
"('culture', 257)",1
"('claim', 290)",0
"('protest', 257)",1
"('flag', 289)",0
"('narrative', 257)",1
"('shapiro', 288)",0
"('masks', 257)",1
"('shitty', 287)",0
"('difference', 256)",1
"('reality', 286)",0
"('democracy', 255)",1
"('force', 285)",0
"('friends', 254)",1
"('fine', 285)",0
"('order', 254)",1
"('water', 284)",0
"('propaganda', 254)",1
"('straight', 284)",0
"('companies', 253)",1
"('economic', 283)",0
"('die', 253)",1
"('super', 281)",0
"('blacks', 252)",1
"('worth', 280)",0
"('college', 251)",1
"('source', 280)",0
"('class', 250)",1
"('learn', 279)",0
"('violent', 248)",1
"('amount', 279)",0
"('blue', 248)",1
"('issues', 278)",0
"('democratic', 248)",1
"('reading', 278)",0
"('chinese', 247)",1
"('sad', 277)",0
"('works', 247)",1
"('jesus', 276)",0
"('answer', 247)",1
"('worst', 276)",0
"('fire', 247)",1
"('common', 276)",0
"('tucker', 247)",1
"('theory', 276)",0
"('term', 246)",1
"('libs', 275)",0
"('blame', 246)",1
"('friend', 274)",0
"('totally', 244)",1
"('check', 273)",0
"('millions', 243)",1
"('meant', 272)",0
"('worth', 243)",1
"('profit', 270)",0
"('california', 243)",1
"('ideas', 269)",0
"('play', 243)",1
"('afford', 267)",0
"('whites', 243)",1
"('months', 266)",0
"('simply', 242)",1
"('thinks', 265)",0
"('telling', 242)",1
"('hours', 265)",0
"('kid', 241)",1
"('fire', 265)",0
"('communists', 241)",1
"('killing', 264)",0
"('running', 240)",1
"('sort', 264)",0
"('lose', 240)",1
"('easy', 263)",0
"('socialists', 240)",1
"('centrist', 263)",0
"('thinks', 239)",1
"('office', 262)",0
"('hey', 239)",1
"('hitler', 262)",0
"('pro', 238)",1
"('week', 261)",0
"('idiots', 238)",1
"('situation', 261)",0
"('orange', 237)",1
"('union', 260)",0
"('rules', 237)",1
"('eat', 260)",0
"('exist', 235)",1
"('happy', 260)",0
"('happening', 234)",1
"('race', 259)",0
"('community', 234)",1
"('open', 259)",0
"('bitch', 234)",1
"('choice', 259)",0
"('knew', 234)",1
"('banned', 257)",0
"('comments', 234)",1
"('hand', 256)",0
"('hand', 233)",1
"('turn', 255)",0
"('ancap', 230)",1
"('takes', 255)",0
"('science', 230)",1
"('response', 253)",0
"('burn', 229)",1
"('number', 252)",0
"('surprised', 228)",1
"('pandemic', 252)",0
"('legal', 228)",1
"('huge', 251)",0
"('low', 226)",1
"('comrade', 251)",0
"('idiot', 226)",1
"('culture', 250)",0
"('worst', 225)",1
"('child', 249)",0
"('common', 225)",1
"('protest', 249)",0
"('fascism', 223)",1
"('corporations', 249)",0
"('military', 223)",1
"('action', 249)",0
"('destroy', 223)",1
"('city', 248)",0
"('level', 222)",1
"('joe', 247)",0
"('source', 222)",1
"('normal', 247)",0
"('turn', 222)",1
"('fighting', 247)",0
"('fucked', 222)",1
"('close', 246)",0
"('number', 222)",1
"('stand', 246)",0
"('harris', 221)",1
"('context', 245)",0
"('mental', 221)",1
"('communists', 245)",0
"('deal', 220)",1
"('kid', 244)",0
"('wage', 220)",1
"('picture', 244)",0
"('paying', 218)",1
"('gender', 244)",0
"('amount', 218)",1
"('insurance', 243)",0
"('logic', 215)",1
"('murder', 242)",0
"('protect', 215)",1
"('deserve', 242)",0
"('woke', 215)",1
"('considered', 242)",0
"('plan', 214)",1
"('move', 242)",0
"('bernie', 213)",1
"('article', 241)",0
"('corrupt', 213)",1
"('wow', 241)",0
"('happy', 212)",1
"('problems', 241)",0
"('bring', 212)",1
"('groups', 241)",0
"('movement', 212)",1
"('civil', 241)",0
"('wear', 211)",1
"('answer', 240)",0
"('lying', 210)",1
"('slavery', 240)",0
"('died', 210)",1
"('capital', 240)",0
"('national', 210)",1
"('progressive', 239)",0
"('hypocrisy', 209)",1
"('rent', 238)",0
"('lie', 209)",1
"('original', 238)",0
"('ban', 207)",1
"('blm', 238)",0
"('longer', 207)",1
"('videos', 237)",0
"('correct', 206)",1
"('marx', 237)",0
"('economic', 206)",1
"('policies', 237)",0
"('insane', 206)",1
"('libertarian', 237)",0
"('nazi', 206)",1
"('south', 236)",0
"('population', 206)",1
"('stay', 236)",0
"('msm', 204)",1
"('lose', 236)",0
"('higher', 203)",1
"('anarchism', 236)",0
"('week', 203)",1
"('worked', 235)",0
"('huge', 202)",1
"('subreddit', 234)",0
"('sick', 202)",1
"('capitalists', 233)",0
"('wearing', 201)",1
"('population', 233)",0
"('elected', 201)",1
"('car', 232)",0
"('voter', 201)",1
"('opinion', 232)",0
"('doubt', 200)",1
"('large', 231)",0
"('game', 200)",1
"('piece', 230)",0
"('cut', 199)",1
"('nah', 230)",0
"('color', 199)",1
"('play', 229)",0
"('bet', 198)",1
"('clear', 229)",0
"('proof', 198)",1
"('telling', 229)",0
"('attack', 198)",1
"('radical', 226)",0
"('supposed', 198)",1
"('terrible', 226)",0
"('takes', 197)",1
"('protests', 226)",0
"('average', 195)",1
"('internet', 225)",0
"('friend', 195)",1
"('allowed', 225)",0
"('expect', 194)",1
"('employees', 225)",0
"('internet', 193)",1
"('fake', 225)",0
"('defend', 193)",1
"('correct', 224)",0
"('straight', 193)",1
"('form', 224)",0
"('ideology', 192)",1
"('land', 224)",0
"('commie', 192)",1
"('parents', 223)",0
"('response', 192)",1
"('low', 223)",0
"('protests', 192)",1
"('laws', 223)",0
"('forced', 192)",1
"('brain', 223)",0
"('spread', 192)",1
"('current', 222)",0
"('set', 192)",1
"('socialists', 222)",0
"('watching', 192)",1
"('gotta', 221)",0
"('citizens', 191)",1
"('story', 220)",0
"('night', 190)",1
"('legal', 220)",0
"('ballots', 190)",1
"('couple', 220)",0
"('healthcare', 190)",1
"('deal', 219)",0
"('easy', 189)",1
"('corporate', 218)",0
"('commies', 189)",1
"('modern', 217)",0
"('ideas', 189)",1
"('explain', 217)",0
"('texas', 189)",1
"('simply', 217)",0
"('policies', 188)",1
"('tho', 217)",0
"('disagree', 188)",1
"('bill', 217)",0
"('fun', 187)",1
"('knew', 217)",0
"('civil', 187)",1
"('cost', 216)",0
"('current', 186)",1
"('holy', 216)",0
"('hold', 186)",1
"('hold', 216)",0
"('workers', 186)",1
"('authoritarian', 216)",0
"('worked', 186)",1
"('longer', 215)",0
"('sign', 186)",1
"('ill', 215)",0
"('learn', 186)",1
"('illegal', 215)",0
"('health', 186)",1
"('basic', 215)",0
"('trust', 186)",1
"('blue', 214)",0
"('amazing', 186)",1
"('set', 214)",0
"('voters', 186)",1
"('local', 213)",0
"('justice', 185)",1
"('died', 213)",0
"('gender', 185)",1
"('type', 212)",0
"('cases', 185)",1
"('bro', 212)",0
"('debate', 185)",1
"('sick', 211)",0
"('gay', 185)",1
"('logic', 211)",0
"('parents', 184)",1
"('link', 211)",0
"('choice', 184)",1
"('memes', 211)",0
"('kinda', 184)",1
"('minimum', 210)",0
"('chance', 184)",1
"('marxist', 210)",0
"('hillary', 184)",1
"('doctor', 209)",0
"('facebook', 183)",1
"('crazy', 209)",0
"('car', 183)",1
"('protect', 209)",0
"('burning', 183)",1
"('idk', 209)",0
"('false', 182)",1
"('facts', 209)",0
"('break', 182)",1
"('aoc', 208)",0
"('killing', 181)",1
"('violent', 208)",0
"('type', 181)",1
"('personal', 207)",0
"('marxist', 181)",1
"('crime', 207)",0
"('posted', 180)",1
"('month', 206)",0
"('income', 180)",1
"('parties', 206)",0
"('russia', 180)",1
"('evidence', 205)",0
"('young', 180)",1
"('worker', 205)",0
"('deaths', 180)",1
"('alt', 204)",0
"('numbers', 180)",1
"('shut', 202)",0
"('anarcho', 179)",1
"('obvious', 202)",0
"('kamala', 179)",1
"('happening', 202)",0
"('obvious', 178)",1
"('billionaires', 202)",0
"('clear', 178)",1
"('op', 202)",0
"('large', 177)",1
"('young', 201)",0
"('follow', 177)",1
"('defend', 201)",0
"('gotta', 177)",1
"('position', 200)",0
"('respect', 177)",1
"('asked', 200)",0
"('rate', 177)",1
"('supporters', 200)",0
"('wife', 177)",1
"('ways', 200)",0
"('aoc', 176)",1
"('mention', 200)",0
"('glad', 176)",1
"('running', 200)",0
"('mail', 176)",1
"('tweet', 200)",0
"('asked', 175)",1
"('speech', 200)",0
"('fault', 175)",1
"('homeless', 199)",0
"('front', 175)",1
"('jews', 199)",0
"('george', 175)",1
"('sound', 198)",0
"('speak', 175)",1
"('millions', 196)",0
"('couple', 174)",1
"('perfect', 196)",0
"('policy', 174)",1
"('bring', 196)",0
"('normal', 174)",1
"('points', 196)",0
"('subs', 174)",1
"('policy', 196)",0
"('building', 174)",1
"('citizens', 195)",0
"('lies', 174)",1
"('sides', 195)",0
"('brain', 174)",1
"('blame', 194)",0
"('fox', 173)",1
"('reasons', 194)",0
"('problems', 172)",1
"('united', 193)",0
"('piece', 171)",1
"('subs', 193)",0
"('flag', 170)",1
"('excuse', 192)",0
"('picture', 170)",1
"('cut', 192)",0
"('subreddit', 170)",1
"('posted', 192)",0
"('honest', 169)",1
"('chance', 191)",0
"('deserve', 169)",1
"('mass', 191)",0
"('situation', 169)",1
"('mask', 191)",0
"('rioters', 169)",1
"('mad', 191)",0
"('slavery', 168)",1
"('stock', 191)",0
"('choose', 168)",1
"('personally', 190)",0
"('fighting', 168)",1
"('quote', 190)",0
"('book', 168)",1
"('service', 190)",0
"('nah', 167)",1
"('interesting', 190)",0
"('education', 167)",1
"('spend', 190)",0
"('clinton', 167)",1
"('lack', 190)",0
"('explain', 167)",1
"('literal', 190)",0
"('riot', 167)",1
"('strong', 190)",0
"('minimum', 167)",1
"('break', 189)",0
"('owned', 167)",1
"('account', 189)",0
"('fear', 167)",1
"('needed', 189)",0
"('senate', 167)",1
"('amazing', 189)",0
"('safe', 166)",1
"('views', 189)",0
"('defense', 166)",1
"('shoot', 188)",0
"('usa', 165)",1
"('experience', 187)",0
"('authoritarian', 165)",1
"('space', 187)",0
"('dollars', 165)",1
"('assume', 187)",0
"('continue', 165)",1
"('safe', 187)",0
"('labor', 165)",1
"('imperialism', 187)",0
"('pelosi', 164)",1
"('wearing', 186)",0
"('future', 164)",1
"('debt', 186)",0
"('eat', 164)",1
"('higher', 185)",0
"('campaign', 164)",1
"('politicians', 185)",0
"('looting', 164)",1
"('owned', 185)",0
"('yep', 164)",1
"('glad', 184)",0
"('wealth', 164)",1
"('folks', 184)",0
"('changed', 164)",1
"('watching', 184)",0
"('opposite', 164)",1
"('short', 184)",0
"('local', 164)",1
"('online', 184)",0
"('nation', 164)",1
"('income', 183)",0
"('double', 163)",1
"('plenty', 183)",0
"('google', 163)",1
"('production', 183)",0
"('service', 163)",1
"('defense', 183)",0
"('major', 163)",1
"('wingers', 183)",0
"('total', 163)",1
"('wealthy', 182)",0
"('cool', 162)",1
"('sell', 182)",0
"('list', 162)",1
"('actions', 182)",0
"('cop', 162)",1
"('average', 181)",0
"('biggest', 161)",1
"('dollars', 181)",0
"('forgot', 161)",1
"('disagree', 181)",0
"('skin', 161)",1
"('germany', 181)",0
"('congress', 160)",1
"('nation', 181)",0
"('steal', 160)",1
"('throw', 181)",0
"('send', 159)",1
"('future', 180)",0
"('nazis', 159)",1
"('genocide', 180)",0
"('mass', 158)",1
"('medical', 180)",0
"('weeks', 158)",1
"('dad', 180)",0
"('tech', 158)",1
"('justice', 180)",0
"('boys', 158)",1
"('content', 180)",0
"('action', 158)",1
"('born', 179)",0
"('members', 158)",1
"('view', 179)",0
"('groups', 158)",1
"('save', 178)",0
"('constitution', 158)",1
"('definition', 178)",0
"('mob', 158)",1
"('tbh', 178)",0
"('arrested', 157)",1
"('voted', 178)",0
"('create', 157)",1
"('popular', 178)",0
"('press', 157)",1
"('surprised', 178)",0
"('definition', 157)",1
"('extremely', 177)",0
"('popular', 157)",1
"('climate', 177)",0
"('lack', 157)",1
"('major', 177)",0
"('retarded', 157)",1
"('supporting', 177)",0
"('libertarians', 156)",1
"('generally', 176)",0
"('points', 156)",1
"('western', 176)",0
"('general', 156)",1
"('massive', 176)",0
"('theory', 156)",1
"('moment', 176)",0
"('parties', 155)",1
"('centrists', 176)",0
"('havent', 155)",1
"('gop', 175)",0
"('posts', 155)",1
"('argue', 175)",0
"('capitol', 155)",1
"('age', 174)",0
"('security', 155)",1
"('step', 173)",0
"('wtf', 155)",1
"('hurt', 173)",0
"('link', 155)",1
"('doubt', 173)",0
"('account', 155)",1
"('message', 173)",0
"('listen', 153)",1
"('respect', 173)",0
"('pandemic', 153)",1
"('boy', 171)",0
"('hit', 153)",1
"('mental', 170)",0
"('deep', 153)",1
"('sign', 170)",0
"('fascists', 153)",1
"('hit', 170)",0
"('issues', 153)",1
"('posts', 170)",0
"('count', 153)",1
"('national', 170)",0
"('disgusting', 153)",1
"('add', 170)",0
"('decades', 152)",1
"('beliefs', 170)",0
"('actions', 152)",1
"('smart', 169)",0
"('meant', 152)",1
"('body', 169)",0
"('finally', 152)",1
"('expect', 168)",0
"('views', 152)",1
"('yep', 168)",0
"('folks', 152)",1
"('continue', 168)",0
"('girl', 152)",1
"('benefits', 167)",0
"('mad', 152)",1
"('easily', 167)",0
"('agenda', 152)",1
"('list', 167)",0
"('enemy', 152)",1
"('science', 167)",0
"('land', 151)",1
"('trust', 167)",0
"('reading', 151)",1
"('putting', 166)",0
"('platform', 151)",1
"('conditions', 166)",0
"('hours', 151)",1
"('poverty', 166)",0
"('view', 151)",1
"('thousands', 166)",0
"('super', 150)",1
"('plan', 166)",0
"('water', 150)",1
"('bot', 166)",0
"('hitler', 150)",1
"('hour', 165)",0
"('bro', 149)",1
"('speak', 165)",0
"('age', 149)",1
"('girl', 165)",0
"('considered', 149)",1
"('simple', 165)",0
"('sell', 149)",1
"('books', 164)",0
"('needed', 149)",1
"('youtube', 164)",0
"('save', 149)",1
"('libertarians', 164)",0
"('weird', 149)",1
"('minorities', 163)",0
"('statement', 148)",1
"('building', 163)",0
"('shouldnt', 148)",1
"('exact', 163)",0
"('welfare', 148)",1
"('ridiculous', 163)",0
"('ignore', 148)",1
"('risk', 163)",0
"('criminal', 148)",1
"('candidate', 163)",0
"('charge', 147)",1
"('listen', 163)",0
"('removed', 147)",1
"('attack', 162)",0
"('cost', 147)",1
"('deaths', 162)",0
"('candidate', 147)",1
"('votes', 162)",0
"('playing', 147)",1
"('debate', 162)",0
"('elections', 147)",1
"('status', 161)",0
"('economics', 146)",1
"('worry', 161)",0
"('rioting', 146)",1
"('create', 161)",0
"('dnc', 146)",1
"('neo', 161)",0
"('excuse', 146)",1
"('ussr', 161)",0
"('interesting', 146)",1
"('feels', 160)",0
"('dangerous', 145)",1
"('thread', 160)",0
"('posting', 145)",1
"('night', 160)",0
"('corporations', 145)",1
"('deep', 160)",0
"('peace', 145)",1
"('dog', 160)",0
"('individual', 145)",1
"('beat', 160)",0
"('videos', 145)",1
"('dick', 160)",0
"('form', 144)",1
"('organization', 160)",0
"('jail', 144)",1
"('honest', 160)",0
"('prove', 144)",1
"('build', 160)",0
"('conspiracy', 144)",1
"('interests', 160)",0
"('push', 143)",1
"('biggest', 160)",0
"('thousands', 143)",1
"('truth', 160)",0
"('racial', 143)",1
"('dems', 160)",0
"('supporting', 143)",1
"('virus', 159)",0
"('position', 143)",1
"('haha', 159)",0
"('massive', 143)",1
"('fall', 159)",0
"('opinions', 142)",1
"('resources', 158)",0
"('liberty', 142)",1
"('threat', 158)",0
"('eyes', 142)",1
"('movie', 158)",0
"('hurt', 142)",1
"('angry', 158)",0
"('personal', 142)",1
"('charge', 158)",0
"('theyll', 142)",1
"('democrat', 158)",0
"('strong', 142)",1
"('changed', 158)",0
"('mainstream', 141)",1
"('ignore', 158)",0
"('tv', 141)",1
"('lib', 158)",0
"('ground', 141)",1
"('favorite', 157)",0
"('smart', 141)",1
"('lie', 157)",0
"('capital', 141)",1
"('slave', 157)",0
"('failed', 141)",1
"('mine', 157)",0
"('created', 140)",1
"('wear', 157)",0
"('sort', 140)",1
"('lead', 157)",0
"('step', 140)",1
"('ya', 157)",0
"('extremely', 139)",1
"('landlords', 157)",0
"('including', 139)",1
"('prison', 157)",0
"('youtube', 139)",1
"('housing', 156)",0
"('prison', 139)",1
"('faith', 156)",0
"('hilarious', 139)",1
"('fear', 155)",0
"('team', 138)",1
"('neoliberal', 155)",0
"('gop', 138)",1
"('actively', 154)",0
"('ya', 138)",1
"('billion', 154)",0
"('report', 138)",1
"('defending', 154)",0
"('drug', 137)",1
"('places', 154)",0
"('complete', 137)",1
"('push', 154)",0
"('perfect', 137)",1
"('numbers', 153)",0
"('trumps', 137)",1
"('front', 153)",0
"('sides', 137)",1
"('terms', 152)",0
"('arrest', 137)",1
"('brown', 152)",0
"('sex', 136)",1
"('exists', 152)",0
"('add', 136)",1
"('follow', 152)",0
"('throw', 136)",1
"('understanding', 151)",0
"('haha', 136)",1
"('decent', 151)",0
"('data', 136)",1
"('coup', 151)",0
"('mention', 136)",1
"('slaves', 151)",0
"('immigration', 136)",1
"('spread', 151)",0
"('russian', 136)",1
"('idiot', 151)",0
"('store', 135)",1
"('global', 150)",0
"('agreed', 135)",1
"('false', 150)",0
"('destroyed', 135)",1
"('multiple', 150)",0
"('threat', 135)",1
"('blood', 150)",0
"('cover', 135)",1
"('choose', 150)",0
"('stopped', 135)",1
"('shame', 149)",0
"('early', 135)",1
"('extra', 149)",0
"('wins', 134)",1
"('wanna', 149)",0
"('risk', 134)",1
"('fox', 149)",0
"('modern', 134)",1
"('satire', 149)",0
"('increase', 134)",1
"('provide', 149)",0
"('terrorists', 134)",1
"('street', 149)",0
"('crimes', 134)",1
"('interest', 148)",0
"('cares', 133)",1
"('center', 148)",0
"('price', 133)",1
"('specific', 148)",0
"('politician', 133)",1
"('anarcho', 148)",0
"('union', 133)",1
"('hands', 147)",0
"('standards', 133)",1
"('canada', 147)",0
"('share', 133)",1
"('room', 147)",0
"('moment', 133)",1
"('christian', 147)",0
"('amendment', 133)",1
"('europe', 147)",0
"('organization', 133)",1
"('industry', 147)",0
"('speaking', 132)",1
"('buying', 147)",0
"('attention', 132)",1
"('aware', 147)",0
"('defending', 132)",1
"('crimes', 147)",0
"('minorities', 132)",1
"('unions', 147)",0
"('argue', 132)",1
"('curious', 147)",0
"('censorship', 132)",1
"('stalin', 147)",0
"('absolute', 132)",1
"('directly', 146)",0
"('holy', 132)",1
"('starting', 146)",0
"('showing', 132)",1
"('rate', 146)",0
"('involved', 131)",1
"('questions', 146)",0
"('pass', 131)",1
"('easier', 146)",0
"('trade', 131)",1
"('amazon', 146)",0
"('body', 131)",1
"('figure', 146)",0
"('simple', 131)",1
"('turning', 146)",0
"('supremacist', 131)",1
"('forced', 146)",0
"('foreign', 130)",1
"('bet', 145)",0
"('assume', 130)",1
"('lots', 145)",0
"('exact', 130)",1
"('share', 145)",0
"('putting', 130)",1
"('conspiracy', 145)",0
"('admit', 130)",1
"('accurate', 145)",0
"('month', 129)",1
"('armed', 145)",0
"('revolution', 129)",1
"('decades', 145)",0
"('beat', 129)",1
"('court', 145)",0
"('result', 129)",1
"('boys', 145)",0
"('virtue', 129)",1
"('created', 144)",0
"('innocent', 129)",1
"('weeks', 144)",0
"('flu', 129)",1
"('wtf', 144)",0
"('peoples', 129)",1
"('language', 144)",0
"('accurate', 129)",1
"('rules', 143)",0
"('worry', 129)",1
"('losing', 143)",0
"('late', 129)",1
"('price', 143)",0
"('donald', 129)",1
"('eventually', 143)",0
"('personally', 128)",1
"('army', 143)",0
"('build', 128)",1
"('ground', 143)",0
"('sound', 128)",1
"('earth', 143)",0
"('son', 128)",1
"('option', 143)",0
"('lead', 128)",1
"('early', 143)",0
"('minority', 128)",1
"('humans', 143)",0
"('spend', 127)",1
"('sucks', 142)",0
"('hands', 127)",1
"('benefit', 142)",0
"('terrorist', 127)",1
"('members', 142)",0
"('ridiculous', 127)",1
"('main', 142)",0
"('decide', 127)",1
"('wall', 142)",0
"('troll', 127)",1
"('direct', 142)",0
"('administration', 126)",1
"('arguments', 142)",0
"('stock', 126)",1
"('admit', 142)",0
"('equal', 126)",1
"('including', 141)",0
"('terrible', 126)",1
"('finally', 141)",0
"('cancel', 126)",1
"('security', 141)",0
"('dog', 126)",1
"('looked', 141)",0
"('fbi', 126)",1
"('jewish', 141)",0
"('brainwashed', 126)",1
"('decided', 140)",0
"('turned', 125)",1
"('stopped', 140)",0
"('rule', 125)",1
"('absolute', 140)",0
"('figure', 125)",1
"('dying', 140)",0
"('process', 125)",1
"('area', 140)",0
"('caused', 125)",1
"('drugs', 140)",0
"('satire', 125)",1
"('store', 140)",0
"('standard', 125)",1
"('inherently', 140)",0
"('idk', 124)",1
"('tankies', 140)",0
"('starting', 124)",1
"('hilarious', 140)",0
"('yea', 124)",1
"('dangerous', 140)",0
"('responsible', 124)",1
"('soviet', 139)",0
"('victim', 124)",1
"('north', 139)",0
"('notice', 124)",1
"('minutes', 139)",0
"('tweet', 123)",1
"('turned', 139)",0
"('watched', 123)",1
"('baby', 139)",0
"('corporate', 123)",1
"('billionaire', 138)",0
"('jesus', 123)",1
"('constantly', 138)",0
"('bs', 123)",1
"('awful', 138)",0
"('street', 123)",1
"('elected', 138)",0
"('record', 123)",1
"('pick', 138)",0
"('heart', 122)",1
"('version', 138)",0
"('leader', 122)",1
"('fully', 138)",0
"('yup', 122)",1
"('statement', 137)",0
"('pushing', 122)",1
"('hot', 137)",0
"('demand', 122)",1
"('concept', 137)",0
"('calls', 121)",1
"('image', 137)",0
"('shitty', 120)",1
"('attention', 137)",0
"('bidens', 120)",1
"('credit', 136)",0
"('hunter', 120)",1
"('complete', 136)",0
"('armed', 120)",1
"('insane', 136)",0
"('supremacists', 120)",1
"('extreme', 136)",0
"('theft', 119)",1
"('shooting', 136)",0
"('protesters', 119)",1
"('platform', 136)",0
"('site', 119)",1
"('send', 135)",0
"('boy', 119)",1
"('individual', 135)",0
"('easily', 119)",1
"('uk', 134)",0
"('brought', 119)",1
"('late', 134)",0
"('questions', 119)",1
"('mom', 134)",0
"('rid', 118)",1
"('disgusting', 134)",0
"('caught', 118)",1
"('equal', 134)",0
"('governments', 118)",1
"('protesters', 134)",0
"('destroying', 118)",1
"('genuinely', 134)",0
"('criminals', 118)",1
"('opposite', 134)",0
"('ignorant', 118)",1
"('imperialist', 134)",0
"('united', 118)",1
"('energy', 134)",0
"('fat', 118)",1
"('material', 134)",0
"('matters', 118)",1
"('involved', 133)",0
"('identity', 118)",1
"('fault', 133)",0
"('privilege', 118)",1
"('schools', 133)",0
"('moral', 117)",1
"('arguing', 133)",0
"('remove', 117)",1
"('pull', 133)",0
"('ways', 117)",1
"('google', 133)",0
"('accept', 117)",1
"('base', 133)",0
"('pick', 117)",1
"('posting', 133)",0
"('schools', 117)",1
"('avoid', 133)",0
"('beliefs', 117)",1
"('random', 133)",0
"('born', 116)",1
"('sexual', 133)",0
"('owners', 116)",1
"('confused', 132)",0
"('slaves', 116)",1
"('meaning', 132)",0
"('walk', 116)",1
"('economics', 132)",0
"('alive', 115)",1
"('costs', 132)",0
"('context', 115)",1
"('join', 132)",0
"('gold', 115)",1
"('george', 132)",0
"('ready', 115)",1
"('student', 132)",0
"('floyd', 115)",1
"('businesses', 131)",0
"('drive', 114)",1
"('impossible', 131)",0
"('presidency', 114)",1
"('result', 131)",0
"('message', 114)",1
"('total', 131)",0
"('shoot', 114)",1
"('yea', 131)",0
"('holding', 114)",1
"('religion', 131)",0
"('racists', 114)",1
"('russia', 131)",0
"('fit', 114)",1
"('camps', 131)",0
"('built', 113)",1
"('brought', 131)",0
"('wanting', 113)",1
"('feet', 131)",0
"('quote', 113)",1
"('gas', 131)",0
"('safety', 113)",1
"('ban', 130)",0
"('supreme', 113)",1
"('drug', 130)",0
"('laugh', 113)",1
"('attempt', 130)",0
"('pretend', 112)",1
"('failed', 130)",0
"('wall', 112)",1
"('playing', 130)",0
"('breaking', 112)",1
"('pretend', 130)",0
"('services', 112)",1
"('owners', 130)",0
"('experience', 112)",1
"('lenin', 130)",0
"('content', 112)",1
"('watched', 130)",0
"('looked', 112)",1
"('eyes', 129)",0
"('south', 112)",1
"('crisis', 128)",0
"('europe', 112)",1
"('shouldnt', 128)",0
"('male', 112)",1
"('character', 128)",0
"('dick', 111)",1
"('leader', 128)",0
"('fired', 111)",1
"('struggle', 128)",0
"('provide', 111)",1
"('nature', 128)",0
"('behavior', 110)",1
"('enjoy', 128)",0
"('fully', 110)",1
"('lazy', 127)",0
"('acting', 110)",1
"('campaign', 127)",0
"('vaccine', 110)",1
"('written', 127)",0
"('grow', 109)",1
"('spent', 127)",0
"('lower', 109)",1
"('peoples', 127)",0
"('op', 109)",1
"('powerful', 127)",0
"('hearing', 109)",1
"('bezos', 127)",0
"('places', 109)",1
"('chinese', 127)",0
"('protesting', 109)",1
"('unironically', 127)",0
"('awesome', 109)",1
"('sanders', 127)",0
"('inside', 109)",1
"('religious', 127)",0
"('refuse', 108)",1
"('comic', 127)",0
"('original', 108)",1
"('idiots', 126)",0
"('hour', 108)",1
"('count', 126)",0
"('king', 108)",1
"('criminal', 126)",0
"('progressive', 108)",1
"('facebook', 126)",0
"('tho', 108)",1
"('minority', 126)",0
"('town', 108)",1
"('write', 126)",0
"('corruption', 108)",1
"('cases', 125)",0
"('held', 108)",1
"('wages', 125)",0
"('sit', 108)",1
"('built', 125)",0
"('maga', 108)",1
"('wrote', 125)",0
"('eventually', 107)",1
"('quality', 125)",0
"('employees', 107)",1
"('terrorist', 125)",0
"('drugs', 107)",1
"('lower', 125)",0
"('female', 107)",1
"('protestors', 125)",0
"('career', 107)",1
"('music', 125)",0
"('damage', 107)",1
"('israel', 125)",0
"('memes', 107)",1
"('comrades', 125)",0
"('claims', 107)",1
"('cult', 124)",0
"('brother', 107)",1
"('financial', 124)",0
"('trash', 106)",1
"('innocent', 124)",0
"('minutes', 106)",1
"('awesome', 124)",0
"('supports', 106)",1
"('met', 124)",0
"('communities', 106)",1
"('voters', 124)",0
"('nonsense', 106)",1
"('compared', 123)",0
"('losing', 106)",1
"('john', 123)",0
"('enjoy', 105)",1
"('ignorant', 123)",0
"('irony', 105)",1
"('destroyed', 123)",0
"('rape', 105)",1
"('process', 123)",0
"('assault', 105)",1
"('degree', 123)",0
"('amazon', 105)",1
"('leaning', 123)",0
"('opportunity', 105)",1
"('opinions', 123)",0
"('reasons', 105)",1
"('labour', 123)",0
"('mine', 105)",1
"('incredibly', 122)",0
"('spent', 105)",1
"('fired', 122)",0
"('waiting', 105)",1
"('fit', 122)",0
"('angry', 105)",1
"('horrible', 122)",0
"('fast', 105)",1
"('essentially', 122)",0
"('theyve', 105)",1
"('liberalism', 122)",0
"('sucks', 105)",1
"('moderate', 122)",0
"('radical', 105)",1
"('cover', 122)",0
"('supporter', 105)",1
"('games', 121)",0
"('multiple', 105)",1
"('cold', 121)",0
"('girls', 105)",1
"('tend', 121)",0
"('global', 104)",1
"('protesting', 121)",0
"('wars', 104)",1
"('solidarity', 121)",0
"('impossible', 104)",1
"('heart', 120)",0
"('shooting', 104)",1
"('color', 120)",0
"('decided', 103)",1
"('proof', 120)",0
"('interest', 103)",1
"('critical', 120)",0
"('prices', 103)",1
"('oil', 120)",0
"('profit', 103)",1
"('charlie', 120)",0
"('baby', 103)",1
"('technically', 119)",0
"('scared', 103)",1
"('refuse', 119)",0
"('pathetic', 103)",1
"('afraid', 119)",0
"('short', 103)",1
"('member', 119)",0
"('surprise', 103)",1
"('learned', 119)",0
"('values', 103)",1
"('teacher', 119)",0
"('moron', 103)",1
"('fellow', 119)",0
"('judge', 103)",1
"('oppression', 119)",0
"('lockdown', 102)",1
"('positive', 119)",0
"('fed', 102)",1
"('inside', 119)",0
"('dare', 102)",1
"('destroy', 119)",0
"('disease', 102)",1
"('quo', 119)",0
"('lots', 102)",1
"('wanting', 118)",0
"('suddenly', 102)",1
"('garbage', 118)",0
"('broke', 102)",1
"('trash', 118)",0
"('authority', 102)",1
"('forgot', 118)",0
"('pull', 102)",1
"('jokes', 118)",0
"('special', 102)",1
"('murdered', 118)",0
"('helping', 102)",1
"('enemy', 117)",0
"('afraid', 102)",1
"('dream', 117)",0
"('bias', 102)",1
"('text', 117)",0
"('roads', 101)",1
"('communities', 117)",0
"('hasnt', 101)",1
"('access', 117)",0
"('plenty', 101)",1
"('planet', 117)",0
"('positive', 101)",1
"('lies', 117)",0
"('write', 101)",1
"('feeling', 117)",0
"('victims', 101)",1
"('asshole', 117)",0
"('standing', 101)",1
"('anarchy', 117)",0
"('cancer', 101)",1
"('landlord', 116)",0
"('online', 100)",1
"('bought', 116)",0
"('garbage', 100)",1
"('goal', 116)",0
"('dem', 100)",1
"('rape', 116)",0
"('tells', 100)",1
"('foreign', 116)",0
"('degree', 100)",1
"('writing', 116)",0
"('drop', 100)",1
"('systems', 115)",0
"('favorite', 100)",1
"('perspective', 115)",0
"('teachers', 100)",1
"('helping', 115)",0
"('establishment', 100)",1
"('cia', 115)",0
"('officer', 100)",1
"('broken', 115)",0
"('attempt', 100)",1
"('assholes', 115)",0
"('nope', 99)",1
"('lines', 115)",0
"('area', 99)",1
"('held', 115)",0
"('door', 99)",1
"('ability', 115)",0
"('pointing', 99)",1
"('sources', 115)",0
"('mom', 99)",1
"('christ', 114)",0
"('murdered', 99)",1
"('bank', 114)",0
"('bought', 99)",1
"('boss', 114)",0
"('bigger', 99)",1
"('treat', 114)",0
"('constantly', 99)",1
"('imo', 114)",0
"('negative', 99)",1
"('felt', 114)",0
"('basic', 99)",1
"('purpose', 114)",0
"('portland', 99)",1
"('air', 114)",0
"('supremacy', 99)",1
"('speaking', 113)",0
"('knowing', 98)",1
"('quick', 113)",0
"('ancaps', 98)",1
"('wild', 113)",0
"('paper', 98)",1
"('keeping', 113)",0
"('hundreds', 98)",1
"('federal', 113)",0
"('climate', 98)",1
"('donald', 113)",0
"('marxists', 98)",1
"('universal', 113)",0
"('trans', 98)",1
"('reagan', 113)",0
"('legally', 98)",1
"('team', 113)",0
"('favor', 98)",1
"('showing', 113)",0
"('openly', 98)",1
"('bottom', 113)",0
"('protestors', 98)",1
"('identity', 113)",0
"('african', 98)",1
"('lived', 112)",0
"('ability', 97)",1
"('recommend', 112)",0
"('capitalists', 97)",1
"('sentence', 112)",0
"('machine', 97)",1
"('maga', 112)",0
"('hates', 97)",1
"('west', 112)",0
"('compared', 97)",1
"('century', 112)",0
"('billion', 97)",1
"('dnc', 112)",0
"('room', 97)",1
"('art', 112)",0
"('hollywood', 97)",1
"('selling', 112)",0
"('successful', 96)",1
"('abortion', 111)",0
"('ccp', 96)",1
"('style', 111)",0
"('terms', 96)",1
"('wars', 111)",0
"('wanna', 96)",1
"('male', 111)",0
"('buying', 96)",1
"('marxism', 111)",0
"('ironic', 96)",1
"('burn', 111)",0
"('debt', 96)",1
"('harder', 111)",0
"('leaders', 96)",1
"('revolutionary', 111)",0
"('destruction', 96)",1
"('survive', 110)",0
"('owner', 96)",1
"('opposed', 110)",0
"('tired', 96)",1
"('victim', 110)",0
"('lines', 96)",1
"('suck', 110)",0
"('abuse', 96)",1
"('bigger', 110)",0
"('crap', 96)",1
"('complex', 110)",0
"('slave', 95)",1
"('effort', 110)",0
"('balls', 95)",1
"('knowing', 110)",0
"('responsibility', 95)",1
"('students', 109)",0
"('minds', 95)",1
"('expensive', 109)",0
"('orders', 95)",1
"('pass', 109)",0
"('stealing', 95)",1
"('caused', 109)",0
"('pure', 95)",1
"('claims', 109)",0
"('goal', 95)",1
"('ownership', 109)",0
"('mother', 95)",1
"('french', 109)",0
"('republic', 95)",1
"('convinced', 109)",0
"('names', 94)",1
"('interested', 109)",0
"('areas', 94)",1
"('british', 109)",0
"('critical', 94)",1
"('german', 109)",0
"('likes', 94)",1
"('dear', 109)",0
"('directly', 94)",1
"('green', 109)",0
"('individuals', 94)",1
"('governments', 109)",0
"('selling', 94)",1
"('perfectly', 109)",0
"('avoid', 94)",1
"('narrative', 108)",0
"('fall', 94)",1
"('masks', 108)",0
"('israel', 94)",1
"('supported', 108)",0
"('streets', 94)",1
"('rule', 108)",0
"('cuomo', 94)",1
"('streets', 108)",0
"('fan', 93)",1
"('helped', 107)",0
"('attacked', 93)",1
"('fuckin', 107)",0
"('jews', 93)",1
"('checks', 107)",0
"('clown', 93)",1
"('peaceful', 107)",0
"('thread', 93)",1
"('turns', 107)",0
"('commit', 93)",1
"('drive', 107)",0
"('crowd', 93)",1
"('russian', 107)",0
"('space', 93)",1
"('humanity', 107)",0
"('western', 93)",1
"('prove', 107)",0
"('earth', 93)",1
"('hair', 107)",0
"('ballot', 93)",1
"('realized', 106)",0
"('officers', 93)",1
"('strike', 106)",0
"('impeachment', 93)",1
"('town', 106)",0
"('nap', 92)",1
"('animals', 106)",0
"('claiming', 92)",1
"('letting', 106)",0
"('generation', 92)",1
"('holding', 106)",0
"('shame', 92)",1
"('machine', 106)",0
"('ahead', 92)",1
"('special', 106)",0
"('solution', 92)",1
"('bills', 105)",0
"('voluntary', 92)",1
"('alive', 105)",0
"('weak', 92)",1
"('barely', 105)",0
"('buildings', 92)",1
"('families', 105)",0
"('info', 92)",1
"('opportunity', 105)",0
"('executive', 92)",1
"('scary', 105)",0
"('typical', 92)",1
"('solution', 105)",0
"('conversation', 92)",1
"('tired', 104)",0
"('paul', 92)",1
"('relevant', 104)",0
"('leaning', 92)",1
"('treated', 104)",0
"('member', 92)",1
"('learning', 104)",0
"('domestic', 92)",1
"('feelings', 104)",0
"('lady', 92)",1
"('yup', 104)",0
"('voice', 92)",1
"('removed', 104)",0
"('equality', 91)",1
"('fast', 104)",0
"('meaning', 91)",1
"('authority', 104)",0
"('stores', 91)",1
"('bourgeoisie', 104)",0
"('aware', 91)",1
"('racists', 104)",0
"('stolen', 91)",1
"('hierarchy', 104)",0
"('mouth', 91)",1
"('racial', 103)",0
"('generally', 91)",1
"('paper', 103)",0
"('religion', 91)",1
"('justify', 103)",0
"('coronavirus', 91)",1
"('international', 103)",0
"('asshole', 91)",1
"('suddenly', 103)",0
"('doctor', 91)",1
"('older', 103)",0
"('governor', 91)",1
"('accept', 103)",0
"('believes', 91)",1
"('corrupt', 102)",0
"('hot', 91)",1
"('beautiful', 102)",0
"('marx', 91)",1
"('referring', 102)",0
"('burned', 91)",1
"('moral', 102)",0
"('feed', 90)",1
"('info', 102)",0
"('competition', 90)",1
"('welfare', 102)",0
"('arguments', 90)",1
"('ton', 102)",0
"('ended', 90)",1
"('crowd', 102)",0
"('downvoted', 90)",1
"('oppressed', 102)",0
"('confused', 90)",1
"('reactionary', 102)",0
"('horrible', 90)",1
"('song', 101)",0
"('broken', 90)",1
"('essential', 101)",0
"('attacking', 90)",1
"('hates', 101)",0
"('moving', 90)",1
"('hospital', 101)",0
"('libs', 90)",1
"('regular', 101)",0
"('north', 89)",1
"('fought', 101)",0
"('cars', 89)",1
"('king', 101)",0
"('learned', 89)",1
"('mistake', 101)",0
"('easier', 89)",1
"('natural', 101)",0
"('consequences', 89)",1
"('weed', 101)",0
"('sexual', 89)",1
"('english', 101)",0
"('dying', 89)",1
"('talked', 101)",0
"('hair', 89)",1
"('abuse', 101)",0
"('movie', 89)",1
"('openly', 101)",0
"('sentence', 89)",1
"('privilege', 101)",0
"('taught', 89)",1
"('gain', 100)",0
"('feelings', 89)",1
"('sold', 100)",0
"('filled', 88)",1
"('forces', 100)",0
"('justify', 88)",1
"('prevent', 100)",0
"('prevent', 88)",1
"('huh', 100)",0
"('funding', 88)",1
"('grow', 100)",0
"('morons', 88)",1
"('prefer', 100)",0
"('phone', 88)",1
"('cares', 100)",0
"('cry', 88)",1
"('responsible', 100)",0
"('dollar', 88)",1
"('convince', 100)",0
"('sadly', 88)",1
"('phone', 100)",0
"('forward', 88)",1
"('safety', 100)",0
"('bottom', 88)",1
"('aid', 100)",0
"('legit', 87)",1
"('believes', 100)",0
"('quality', 87)",1
"('study', 100)",0
"('lockdowns', 87)",1
"('ready', 100)",0
"('deleted', 87)",1
"('chuds', 100)",0
"('return', 87)",1
"('damage', 99)",0
"('diversity', 87)",1
"('cities', 99)",0
"('treated', 87)",1
"('pretending', 99)",0
"('starts', 87)",1
"('lying', 99)",0
"('leaving', 87)",1
"('cringe', 99)",0
"('teach', 87)",1
"('record', 99)",0
"('passed', 86)",1
"('theyll', 99)",0
"('forever', 86)",1
"('soros', 99)",0
"('hatred', 86)",1
"('report', 98)",0
"('hide', 86)",1
"('increase', 98)",0
"('perfectly', 86)",1
"('difficult', 98)",0
"('sources', 86)",1
"('downvoted', 98)",0
"('quick', 86)",1
"('ended', 98)",0
"('waste', 86)",1
"('leaders', 98)",0
"('scary', 86)",1
"('complain', 98)",0
"('immigrants', 86)",1
"('agreed', 98)",0
"('controlled', 86)",1
"('feed', 98)",0
"('epstein', 86)",1
"('irony', 98)",0
"('road', 86)",1
"('cancer', 98)",0
"('blood', 85)",1
"('riot', 97)",0
"('circle', 85)",1
"('target', 97)",0
"('sold', 85)",1
"('elections', 97)",0
"('pedo', 85)",1
"('claiming', 97)",0
"('loot', 85)",1
"('terrorists', 97)",0
"('rally', 85)",1
"('reminds', 97)",0
"('east', 85)",1
"('calls', 97)",0
"('main', 85)",1
"('peace', 97)",0
"('base', 85)",1
"('laugh', 97)",0
"('medical', 85)",1
"('broke', 96)",0
"('light', 85)",1
"('mentioned', 96)",0
"('silence', 85)",1
"('decide', 96)",0
"('investigation', 85)",1
"('services', 96)",0
"('lock', 84)",1
"('east', 96)",0
"('rent', 84)",1
"('episode', 96)",0
"('afford', 84)",1
"('profits', 96)",0
"('yesterday', 84)",1
"('terrorism', 96)",0
"('title', 84)",1
"('progress', 96)",0
"('poverty', 84)",1
"('primary', 96)",0
"('politically', 84)",1
"('tv', 96)",0
"('faith', 84)",1
"('missing', 96)",0
"('upset', 84)",1
"('nations', 96)",0
"('terrorism', 84)",1
"('pigs', 96)",0
"('church', 84)",1
"('owning', 95)",0
"('wrote', 84)",1
"('drop', 95)",0
"('winning', 84)",1
"('havent', 95)",0
"('rates', 83)",1
"('favor', 95)",0
"('camps', 83)",1
"('consequences', 95)",0
"('soviet', 83)",1
"('effective', 95)",0
"('benefit', 83)",1
"('types', 95)",0
"('markets', 83)",1
"('lgbt', 95)",0
"('industry', 83)",1
"('discussion', 95)",0
"('tend', 83)",1
"('theyve', 95)",0
"('programs', 83)",1
"('bread', 95)",0
"('marxism', 83)",1
"('eating', 95)",0
"('taxation', 83)",1
"('luck', 95)",0
"('weve', 83)",1
"('kirk', 95)",0
"('guilty', 83)",1
"('notice', 95)",0
"('literal', 83)",1
"('raise', 94)",0
"('banning', 83)",1
"('title', 94)",0
"('anarchy', 83)",1
"('elon', 94)",0
"('mentally', 83)",1
"('ruling', 94)",0
"('proven', 83)",1
"('clean', 94)",0
"('polls', 83)",1
"('fail', 94)",0
"('florida', 83)",1
"('fund', 94)",0
"('lived', 83)",1
"('weapons', 94)",0
"('statist', 82)",1
"('uh', 94)",0
"('influence', 82)",1
"('ironic', 94)",0
"('closed', 82)",1
"('bush', 94)",0
"('charged', 82)",1
"('door', 94)",0
"('cringe', 82)",1
"('rhetoric', 94)",0
"('suck', 82)",1
"('light', 94)",0
"('tbh', 82)",1
"('owner', 94)",0
"('kkk', 82)",1
"('rid', 94)",0
"('website', 82)",1
"('voice', 94)",0
"('fellow', 82)",1
"('weak', 94)",0
"('extra', 82)",1
"('values', 94)",0
"('mayor', 82)",1
"('dictatorship', 94)",0
"('spending', 82)",1
"('conversation', 94)",0
"('turning', 82)",1
"('waiting', 93)",0
"('carry', 81)",1
"('acting', 93)",0
"('energy', 81)",1
"('musk', 93)",0
"('suicide', 81)",1
"('sadly', 93)",0
"('benefits', 81)",1
"('teach', 93)",0
"('cult', 81)",1
"('parts', 93)",0
"('letting', 81)",1
"('knowledge', 93)",0
"('insurance', 81)",1
"('pointing', 93)",0
"('exists', 81)",1
"('fairly', 93)",0
"('character', 81)",1
"('establishment', 93)",0
"('raise', 81)",1
"('period', 93)",0
"('lefties', 81)",1
"('jail', 93)",0
"('dad', 81)",1
"('symbol', 93)",0
"('defund', 81)",1
"('suffering', 92)",0
"('oil', 80)",1
"('harm', 92)",0
"('option', 80)",1
"('helps', 92)",0
"('specific', 80)",1
"('reasonable', 92)",0
"('germany', 80)",1
"('skin', 92)",0
"('sports', 80)",1
"('steal', 92)",0
"('production', 80)",1
"('senate', 92)",0
"('fund', 80)",1
"('arrested', 92)",0
"('gas', 80)",1
"('passed', 92)",0
"('fail', 80)",1
"('ignoring', 92)",0
"('incredibly', 80)",1
"('congress', 92)",0
"('presidential', 80)",1
"('rise', 92)",0
"('daily', 80)",1
"('btw', 92)",0
"('european', 80)",1
"('civilians', 92)",0
"('random', 80)",1
"('victims', 92)",0
"('omg', 80)",1
"('cuba', 92)",0
"('minute', 79)",1
"('exploitation', 91)",0
"('credit', 79)",1
"('moving', 91)",0
"('language', 79)",1
"('depends', 91)",0
"('bank', 79)",1
"('waste', 91)",0
"('feels', 79)",1
"('training', 91)",0
"('green', 79)",1
"('walk', 91)",0
"('feeling', 79)",1
"('ends', 91)",0
"('youve', 79)",1
"('fan', 91)",0
"('resources', 79)",1
"('treatment', 91)",0
"('missed', 79)",1
"('mother', 91)",0
"('biased', 79)",1
"('comfortable', 91)",0
"('checks', 79)",1
"('animal', 91)",0
"('crying', 79)",1
"('channel', 91)",0
"('bush', 79)",1
"('standing', 91)",0
"('asian', 79)",1
"('spreading', 91)",0
"('courts', 78)",1
"('ideologies', 91)",0
"('em', 78)",1
"('rifle', 91)",0
"('highly', 78)",1
"('highly', 90)",0
"('complain', 78)",1
"('describe', 90)",0
"('powerful', 78)",1
"('existing', 90)",0
"('walking', 78)",1
"('caught', 90)",0
"('greatest', 78)",1
"('ceo', 90)",0
"('inflation', 78)",1
"('finding', 90)",0
"('hated', 78)",1
"('father', 90)",0
"('keeping', 78)",1
"('successful', 90)",0
"('muh', 78)",1
"('complaining', 90)",0
"('youll', 78)",1
"('likes', 90)",0
"('fucks', 78)",1
"('bastards', 90)",0
"('costs', 78)",1
"('rapist', 90)",0
"('actively', 78)",1
"('vaush', 90)",0
"('summer', 78)",1
"('spending', 89)",0
"('written', 78)",1
"('loves', 89)",0
"('sheep', 78)",1
"('behavior', 89)",0
"('articles', 77)",1
"('empathy', 89)",0
"('wake', 77)",1
"('forward', 89)",0
"('referring', 77)",1
"('criticism', 89)",0
"('turns', 77)",1
"('double', 89)",0
"('homes', 77)",1
"('troll', 89)",0
"('sitting', 77)",1
"('bourgeois', 89)",0
"('hero', 77)",1
"('administration', 89)",0
"('canada', 77)",1
"('son', 89)",0
"('handle', 77)",1
"('address', 88)",0
"('essential', 77)",1
"('houses', 88)",0
"('echo', 77)",1
"('commit', 88)",0
"('cruz', 77)",1
"('cars', 88)",0
"('morning', 77)",1
"('candidates', 88)",0
"('screaming', 77)",1
"('closer', 88)",0
"('required', 77)",1
"('texas', 88)",0
"('purpose', 76)",1
"('voter', 88)",0
"('funded', 76)",1
"('tiny', 88)",0
"('unemployment', 76)",1
"('hundreds', 88)",0
"('scum', 76)",1
"('minute', 88)",0
"('air', 76)",1
"('topic', 88)",0
"('driving', 76)",1
"('legitimate', 88)",0
"('tds', 76)",1
"('valid', 88)",0
"('effort', 75)",1
"('serve', 88)",0
"('discussion', 75)",1
"('empire', 88)",0
"('survive', 75)",1
"('mouth', 88)",0
"('legitimate', 75)",1
"('matters', 87)",0
"('elon', 75)",1
"('standard', 87)",0
"('expected', 75)",1
"('positions', 87)",0
"('felt', 75)",1
"('toxic', 87)",0
"('counting', 75)",1
"('existence', 87)",0
"('genuinely', 75)",1
"('leaving', 87)",0
"('opposition', 75)",1
"('scared', 87)",0
"('border', 74)",1
"('upset', 87)",0
"('gov', 74)",1
"('phrase', 87)",0
"('board', 74)",1
"('korea', 87)",0
"('version', 74)",1
"('dollar', 87)",0
"('decisions', 74)",1
"('hero', 87)",0
"('secret', 74)",1
"('doctors', 87)",0
"('percent', 74)",1
"('panel', 87)",0
"('effective', 74)",1
"('soldiers', 87)",0
"('awful', 74)",1
"('nonsense', 87)",0
"('ignorance', 74)",1
"('teachers', 87)",0
"('charges', 74)",1
"('bible', 87)",0
"('reporting', 74)",1
"('arrest', 87)",0
"('barely', 74)",1
"('european', 86)",0
"('pissed', 74)",1
"('meet', 86)",0
"('washington', 74)",1
"('boomers', 86)",0
"('justified', 74)",1
"('female', 86)",0
"('dc', 74)",1
"('breaking', 86)",0
"('county', 74)",1
"('cry', 86)",0
"('november', 74)",1
"('pushing', 86)",0
"('wealthy', 73)",1
"('liberty', 86)",0
"('decision', 73)",1
"('automatically', 86)",0
"('enforce', 73)",1
"('starts', 86)",0
"('spreading', 73)",1
"('university', 85)",0
"('borders', 73)",1
"('generation', 85)",0
"('extreme', 73)",1
"('riots', 85)",0
"('wages', 73)",1
"('paint', 85)",0
"('abortion', 73)",1
"('sit', 85)",0
"('natural', 73)",1
"('prices', 85)",0
"('harder', 73)",1
"('supports', 85)",0
"('training', 73)",1
"('note', 85)",0
"('committed', 73)",1
"('eye', 85)",0
"('anarchist', 73)",1
"('sake', 85)",0
"('teacher', 73)",1
"('remove', 85)",0
"('dictator', 73)",1
"('supremacists', 85)",0
"('jewish', 73)",1
"('arm', 84)",0
"('citizen', 73)",1
"('cheap', 84)",0
"('elect', 73)",1
"('trade', 84)",0
"('families', 73)",1
"('taught', 84)",0
"('ted', 73)",1
"('worried', 84)",0
"('uk', 73)",1
"('homes', 84)",0
"('official', 73)",1
"('rock', 84)",0
"('protected', 72)",1
"('standards', 84)",0
"('essentially', 72)",1
"('tear', 84)",0
"('luck', 72)",1
"('individuals', 84)",0
"('regulations', 72)",1
"('loved', 84)",0
"('arguing', 72)",1
"('officers', 84)",0
"('decent', 72)",1
"('subject', 84)",0
"('loved', 72)",1
"('proper', 84)",0
"('brown', 72)",1
"('hole', 84)",0
"('stole', 72)",1
"('cultural', 84)",0
"('signed', 72)",1
"('expected', 83)",0
"('target', 72)",1
"('systemic', 83)",0
"('bot', 72)",1
"('justified', 83)",0
"('realized', 72)",1
"('mlk', 83)",0
"('types', 72)",1
"('stimulus', 83)",0
"('worker', 72)",1
"('apply', 83)",0
"('students', 72)",1
"('porn', 83)",0
"('enemies', 72)",1
"('swear', 83)",0
"('assholes', 72)",1
"('forever', 83)",0
"('event', 72)",1
"('commie', 83)",0
"('babies', 72)",1
"('tankie', 83)",0
"('lazy', 72)",1
"('france', 82)",0
"('cages', 71)",1
"('legit', 82)",0
"('success', 71)",1
"('funded', 82)",0
"('blind', 71)",1
"('equality', 82)",0
"('photo', 71)",1
"('demand', 82)",0
"('search', 71)",1
"('gold', 82)",0
"('met', 71)",1
"('wet', 82)",0
"('principles', 71)",1
"('coronavirus', 82)",0
"('access', 71)",1
"('assuming', 82)",0
"('planet', 71)",1
"('active', 82)",0
"('unions', 71)",1
"('christians', 82)",0
"('aint', 71)",1
"('enlightened', 82)",0
"('lmfao', 71)",1
"('named', 81)",0
"('net', 71)",1
"('department', 81)",0
"('checked', 71)",1
"('domestic', 81)",0
"('york', 71)",1
"('suicide', 81)",0
"('direct', 71)",1
"('website', 81)",0
"('tweets', 71)",1
"('em', 81)",0
"('ron', 71)",1
"('bar', 81)",0
"('apply', 71)",1
"('church', 81)",0
"('reported', 71)",1
"('constitution', 81)",0
"('heads', 71)",1
"('pathetic', 81)",0
"('runs', 71)",1
"('brand', 81)",0
"('west', 71)",1
"('arms', 81)",0
"('crowder', 71)",1
"('paycheck', 81)",0
"('student', 71)",1
"('tells', 81)",0
"('soros', 71)",1
"('indigenous', 81)",0
"('throwing', 70)",1
"('fucks', 81)",0
"('talked', 70)",1
"('counter', 81)",0
"('crisis', 70)",1
"('fbi', 81)",0
"('laughing', 70)",1
"('key', 81)",0
"('oppressed', 70)",1
"('recognize', 81)",0
"('shocked', 70)",1
"('throwing', 81)",0
"('till', 70)",1
"('classes', 80)",0
"('mistake', 70)",1
"('carry', 80)",0
"('stick', 70)",1
"('sitting', 80)",0
"('cash', 70)",1
"('silly', 80)",0
"('chamber', 70)",1
"('flags', 80)",0
"('christian', 70)",1
"('organize', 80)",0
"('allowing', 70)",1
"('piss', 80)",0
"('pussy', 70)",1
"('yesterday', 80)",0
"('gain', 70)",1
"('industrial', 80)",0
"('stimulus', 70)",1
"('focus', 79)",0
"('note', 70)",1
"('spanish', 79)",0
"('books', 70)",1
"('movies', 79)",0
"('bringing', 70)",1
"('tool', 79)",0
"('lied', 70)",1
"('replace', 79)",0
"('image', 69)",1
"('photo', 79)",0
"('nature', 69)",1
"('woke', 79)",0
"('shirt', 69)",1
"('funds', 79)",0
"('father', 69)",1
"('africa', 79)",0
"('libertarianism', 69)",1
"('republic', 79)",0
"('regular', 69)",1
"('led', 79)",0
"('helped', 69)",1
"('hide', 79)",0
"('concerned', 69)",1
"('responsibility', 79)",0
"('prefer', 69)",1
"('trumps', 79)",0
"('locked', 69)",1
"('stealing', 79)",0
"('eating', 69)",1
"('leftism', 79)",0
"('curious', 69)",1
"('buddy', 78)",0
"('fuckin', 69)",1
"('youve', 78)",0
"('chicago', 69)",1
"('puts', 78)",0
"('bar', 69)",1
"('net', 78)",0
"('pedophile', 69)",1
"('drink', 78)",0
"('kyle', 69)",1
"('bitch', 78)",0
"('nancy', 68)",1
"('winning', 78)",0
"('ice', 68)",1
"('represent', 78)",0
"('examples', 68)",1
"('environment', 78)",0
"('noticed', 68)",1
"('mainstream', 78)",0
"('expensive', 68)",1
"('proletariat', 78)",0
"('product', 68)",1
"('lucky', 77)",0
"('signaling', 68)",1
"('corporation', 77)",0
"('products', 68)",1
"('data', 77)",0
"('regulation', 68)",1
"('heads', 77)",0
"('ends', 68)",1
"('loans', 77)",0
"('alternative', 68)",1
"('supply', 77)",0
"('nations', 68)",1
"('test', 77)",0
"('meet', 68)",1
"('product', 77)",0
"('blaming', 68)",1
"('negative', 77)",0
"('deny', 68)",1
"('independent', 77)",0
"('spot', 68)",1
"('insult', 77)",0
"('mentioned', 68)",1
"('conservatism', 77)",0
"('opposed', 68)",1
"('boot', 77)",0
"('dirty', 68)",1
"('minds', 77)",0
"('dementia', 68)",1
"('brutality', 77)",0
"('thoughts', 68)",1
"('stonetoss', 77)",0
"('footage', 68)",1
"('crowder', 77)",0
"('tyranny', 67)",1
"('fat', 76)",0
"('funds', 67)",1
"('suffer', 76)",0
"('loss', 67)",1
"('empty', 76)",0
"('scale', 67)",1
"('pride', 76)",0
"('iq', 67)",1
"('brother', 76)",0
"('christ', 67)",1
"('spot', 76)",0
"('supported', 67)",1
"('designed', 76)",0
"('missing', 67)",1
"('require', 76)",0
"('shop', 67)",1
"('clinton', 76)",0
"('eye', 67)",1
"('billions', 76)",0
"('billions', 67)",1
"('offer', 76)",0
"('cultural', 67)",1
"('sentiment', 76)",0
"('studies', 67)",1
"('podcast', 76)",0
"('delete', 67)",1
"('reference', 76)",0
"('thrown', 67)",1
"('abolish', 76)",0
"('imo', 67)",1
"('mods', 76)",0
"('changing', 67)",1
"('centrism', 76)",0
"('worried', 67)",1
"('unemployment', 75)",0
"('coverage', 67)",1
"('salary', 75)",0
"('genocide', 67)",1
"('dark', 75)",0
"('touch', 67)",1
"('ads', 75)",0
"('crack', 67)",1
"('shirt', 75)",0
"('moved', 67)",1
"('role', 75)",0
"('wallace', 67)",1
"('grew', 75)",0
"('department', 66)",1
"('electoral', 75)",0
"('jack', 66)",1
"('philosophy', 75)",0
"('elites', 66)",1
"('pants', 75)",0
"('unity', 66)",1
"('nope', 75)",0
"('technically', 66)",1
"('label', 75)",0
"('insult', 66)",1
"('delete', 75)",0
"('parler', 66)",1
"('ahead', 74)",0
"('treatment', 66)",1
"('ignorance', 74)",0
"('clean', 66)",1
"('road', 74)",0
"('lefty', 66)",1
"('practice', 74)",0
"('rigged', 66)",1
"('requires', 74)",0
"('pretending', 66)",1
"('amendment', 74)",0
"('uh', 66)",1
"('explanation', 74)",0
"('status', 65)",1
"('progressives', 74)",0
"('contract', 65)",1
"('immigrants', 74)",0
"('replace', 65)",1
"('site', 74)",0
"('depends', 65)",1
"('heavily', 74)",0
"('entitled', 65)",1
"('return', 74)",0
"('tool', 65)",1
"('crying', 74)",0
"('puts', 65)",1
"('secret', 74)",0
"('reasonable', 65)",1
"('vietnam', 74)",0
"('hole', 65)",1
"('funding', 74)",0
"('brave', 65)",1
"('sleep', 74)",0
"('understanding', 65)",1
"('historical', 74)",0
"('bc', 65)",1
"('growing', 74)",0
"('intelligent', 65)",1
"('dropped', 74)",0
"('counter', 65)",1
"('concentration', 74)",0
"('pushed', 65)",1
"('unity', 74)",0
"('existence', 65)",1
"('audience', 74)",0
"('counted', 65)",1
"('neoliberalism', 74)",0
"('hat', 65)",1
"('daily', 74)",0
"('nyc', 65)",1
"('maintain', 73)",0
"('requires', 64)",1
"('boomer', 73)",0
"('useless', 64)",1
"('healthy', 73)",0
"('vp', 64)",1
"('vast', 73)",0
"('join', 64)",1
"('deserves', 73)",0
"('protecting', 64)",1
"('series', 73)",0
"('math', 64)",1
"('potential', 73)",0
"('center', 64)",1
"('grade', 73)",0
"('races', 64)",1
"('existed', 73)",0
"('stage', 64)",1
"('iraq', 73)",0
"('signs', 64)",1
"('shocked', 73)",0
"('married', 64)",1
"('scale', 73)",0
"('style', 63)",1
"('punk', 73)",0
"('delusional', 63)",1
"('missed', 72)",0
"('religious', 63)",1
"('burning', 72)",0
"('retard', 63)",1
"('comics', 72)",0
"('sir', 63)",1
"('produce', 72)",0
"('buddy', 63)",1
"('cash', 72)",0
"('assuming', 63)",1
"('native', 72)",0
"('candidates', 63)",1
"('greatest', 72)",0
"('supply', 63)",1
"('examples', 72)",0
"('publicly', 63)",1
"('capitol', 72)",0
"('quit', 63)",1
"('search', 72)",0
"('size', 63)",1
"('runs', 72)",0
"('dropped', 63)",1
"('identify', 72)",0
"('reports', 63)",1
"('bringing', 72)",0
